,Horvathv1,Horvathv2,Hannum,PhenoAge,Lin,VidalBralo,Weidner,Garagnani,Bocklandt,HRSInCHPhenoAge,YingCausAge,YingDamAge,YingAdaptAge,StocP,StocH,AltumAge,DunedinPACE,DunedinPoAm38,Zhang_10,StocZ,EpiTOC1,EpiTOC2,MiAge,DNAmTL,GrimAgeV1,GrimAgeV2
GSM1343069,55.146161732375866,50.54719299681446,58.986643933473395,46.562562817683926,60.80080007367301,53.134377561369085,48.86249322702756,0.684740106219539,0.499391379995445,50.41654430845266,52.06509112035111,49.064982003482555,60.00022044985715,44.902795830630474,52.552031953877794,54.37695,0.913296000743703,0.9682813211063361,-2.89499852378535,46.03042646683287,0.09121209449035517,3151.510981384097,1159.8906706501546,6.985549036723962,51.43232388017221,58.0807356085973
GSM1343066,43.8954915929766,37.18752942090328,48.36289651880301,30.10312859260776,42.621005705073884,48.42261170695539,52.62710088258188,0.578266997468184,0.548482690336991,34.36214876374182,40.26863816467948,33.43942634413145,49.96354679935604,40.89671859966637,50.55487063730293,48.773464,0.8923021618752014,0.9315010328549977,-3.0268948464398218,34.11360646007826,0.1217444168185894,5014.668385183303,1378.2160633239919,7.135268461597604,41.334211156141166,47.85962776293439
GSM1343055,54.79942227633082,55.25956775560013,64.31164592720485,46.29093018797599,61.518032544842896,52.29138168922022,52.663993616930384,0.700288294944667,0.503220075419792,54.54416975188778,53.724946823565176,48.61752576146364,64.84368598907389,46.121289158819394,48.50820620472302,53.270885,0.9915454212198298,0.8697348879496634,-2.8626400747958827,48.71044051510531,0.08947870539945027,2898.6133963253847,1027.3690944018124,6.975852144455946,60.68846301126802,66.00253820589371
GSM1343073,51.71626416108818,55.8824994327253,64.26547682900956,47.09888344888349,59.629753223404954,58.80086915469838,44.583887372153356,0.661924069752194,0.445666161604315,55.90743831011012,54.30335519876507,48.82403970155383,64.3091123947654,44.98715609303658,47.11659304692879,56.5086,0.9427182952719331,0.9996094884154592,-2.676634980110994,50.075241562563704,0.09819318648856892,3566.540066177158,1002.5141634666351,7.065095099342381,55.19476489824898,62.57139318176685
GSM1343056,63.77800177250882,61.79145434855292,69.58189918639398,58.35223471912186,64.32080195102094,58.927052742607266,46.22318303260343,0.693734116747957,0.467331734879859,60.64193277435889,61.072223798510564,53.25554427220885,65.58387536352458,51.64602000371054,51.24740964785908,60.744816,0.8814056294732024,1.000396421184735,-2.5945160290276648,52.59819273170831,0.09030371499248516,3129.8187485754347,980.4102713073758,6.903354501836174,64.62376883607766,68.7803451387222
GSM1343075,38.372060925723,44.09560879560466,46.03475587917159,28.21510261908226,48.70299690712253,50.6376382703684,50.30530250936914,0.59962308923566,0.538832628985321,37.176469836020416,40.532502822034175,32.04634056644511,52.080304301372166,41.12121578625821,35.96363405872075,42.839207,0.7863025766192395,0.9401507925022521,-3.5883324362695355,32.08202020893245,0.09130012141055056,3118.745078021194,1060.1581087179131,7.100438795857864,46.18658939368531,50.18955040391907
GSM1343061,54.73148709796585,49.37715096161568,55.05765429631988,45.87339456252872,58.15323617413034,52.37714873094686,58.88625667636708,0.631701789942473,0.501776468952886,43.92851490770633,47.26355594196744,41.66389739194972,56.255046613645334,47.14100278401308,51.37438197801364,49.0876,0.8013515410071981,1.0145717709254658,-3.183436233974824,40.44343020884621,0.107423117842884,4182.171970801069,1312.0931294314657,6.884882253928999,47.853286094428086,52.9554253165182
GSM1343052,48.24172505608071,45.87801931623834,53.59732411690762,43.54460228000784,38.872537972110656,51.393145073931784,43.5248224185034,0.584879396415296,0.476842130963682,45.65833180310905,46.07971156926876,41.94880248973402,53.745417649371404,44.80052918341683,51.47892256156434,48.46052,0.819838324703059,0.9223487009375476,-2.942713156109378,31.149340685785134,0.08814333118414551,2956.300306299875,967.9560174468189,7.268926368709964,49.02811335959627,55.04328535230414
GSM1343068,62.933479237849994,64.25819768179517,70.86549576235542,53.74853395667437,60.02539482360551,60.25501068898819,53.04905559691699,0.732003189320242,0.44492988152127,52.39146020194323,59.187820583652616,48.92973012568223,61.6975059873252,49.58954960628826,58.86947403103283,60.447422,0.8030914843327441,0.892491036852084,-2.9103037482148677,62.37491595118596,0.11204195906408299,4326.9010947000315,1286.018582009393,6.833045586101546,57.16382526742172,61.32250337364037
GSM1343077,50.59711596590697,51.75657289722798,58.619312658094934,44.46190870573324,51.82332866068144,53.817509405495315,47.17449917022615,0.594095248978469,0.453338881305452,45.33698923110012,44.41107823571297,40.50960282023135,52.59579865079837,42.677955188728106,52.05996795378501,48.6306,0.9226591200205962,0.9479759593472552,-3.170231872985108,69.20202270735216,0.09916823812286314,3715.998153858494,1073.2654999940914,7.187867820500404,48.21694668889941,54.75764328181538
GSM1343058,60.66562323153944,61.93857642082785,72.30544181655681,56.43055301764807,65.52192719242457,57.686047793663626,50.073998909728495,0.70369608426513,0.416167938974394,57.63469757584194,61.56981467884604,53.95873665432282,66.52381978541982,50.58294289998473,58.580714260848104,54.141586,0.9245684116391426,0.9225887657743177,-2.980222616683762,65.44446522818761,0.10305692016019616,4120.092120875733,1154.9181636012838,6.934742388800755,58.89056651069835,63.94336545613917
GSM1343050,56.205436412066554,54.219226494034686,62.33422261046425,52.29315121491676,57.805268984799746,54.16044876097555,52.34261103632608,0.695128765605755,0.48285661016767,46.175572148731106,57.36593898516044,44.70783046475054,64.83964783591978,53.2112340344716,51.037847607988205,57.68182,0.9600591577298561,0.9437757481775197,-3.013470212085535,50.37713002193081,0.12408040885529813,5012.411621375573,1723.446446428045,6.865886940337839,59.144787812699256,61.839291990293184
GSM1343064,52.70901267258793,56.01190604272614,63.976879801519615,47.68702599202087,61.506090481323135,56.41671617591001,57.844401026293326,0.649753825970718,0.524287735261081,51.73687689802069,54.79538266163159,50.43351424452726,63.19704516608044,50.145055266089386,53.585831053263554,51.77071,0.9884558593536577,0.9705488562537241,-2.8277177083429876,46.27135496061597,0.11080444441277905,4292.348376361856,1217.484508423622,6.843375506590278,60.74264951575331,64.03856561877762
GSM1343078,60.80018033638909,58.024150522185764,63.35574433893098,49.8151160375617,62.8853524655938,56.64975526716518,52.364222026666496,0.693449790527806,0.483818216368418,51.26523734213666,52.68584473027964,48.03638043232252,64.0655596457022,51.72318441330779,63.5997857965232,59.411697,0.8644218358431603,0.8801540747865395,-2.889668622403697,56.281922125211295,0.10677222622233301,4058.828943965422,1267.784493052005,6.9195478411625135,54.50469870987015,59.67203769211773
GSM1343051,47.45753776099647,46.57481895216533,53.90138780637844,41.058679056298715,50.367981430635325,55.03475402804405,46.678484138283366,0.610208250480086,0.452261362688383,40.47508353750749,42.03385469987374,39.67677516005534,56.60551687068653,42.93348031192881,47.75473803364563,46.625443,0.9629030961640461,0.9822822159344395,-2.867892735259856,36.02459606389832,0.11472045374166256,4622.624648851691,1327.6718092855835,7.055574826904824,49.06139780421499,53.95378060188272
GSM1343076,67.52195295845635,68.35571987084748,73.98150813145938,60.9053621008864,75.99282029551726,58.283046143913815,66.81884758708838,0.711525905832806,0.538851525689251,62.66299014513068,64.45581716048781,52.95279308680705,73.06588327573698,51.166209255919355,58.53809836914842,66.70718,1.0791159735975355,0.9373923869447347,-2.933234811870049,61.336517452867206,0.15327769707107264,6888.720524818975,1921.5360473824437,6.750168781847402,65.24353999467647,69.96567671156907
GSM1343072,48.008069323027044,50.957612146828566,58.9686417660499,42.21779802386203,52.185462797691685,58.65629176388778,43.812161246590904,0.657176035854205,0.449046887302721,50.62724922973928,47.67181231796216,39.996850981559476,60.422873871738744,46.72050944118237,47.23525939789133,50.031536,0.7431448985540707,0.9154307554868328,-2.532970818865141,43.041771564638516,0.08730571399700363,2832.989721743968,989.028961726129,7.252212567716029,50.696435687389865,55.09426442937511
GSM1343060,60.16524671079393,60.76632350904655,64.23227694347493,50.76965350760243,68.91532556586517,60.32250767414409,73.79184285596169,0.672439068098729,0.522820442319062,51.11988490981351,57.31114279197688,49.91564417007635,68.40672226385016,53.301031818449935,54.52121852503014,59.475155,0.9358309397987248,0.9305798063475413,-3.0289142238654296,56.97290246777214,0.13572024299675842,5737.078644237177,1584.556690140828,6.719794073500447,54.100430116320084,58.51866690704093
GSM1343071,47.16931650061663,51.02546509834346,61.276378245809,47.750630504428585,44.60392210741767,51.44871161724992,41.97468078856899,0.670629073205308,0.514737520905763,48.602269690721,49.49923487743418,40.12916919098075,62.88881385116193,44.983391130586455,44.01006678073772,52.707268,0.9594015355424379,1.0831576264127365,-2.23415101858606,41.126293260807984,0.09292704066505357,3337.604648017131,974.0659400236409,7.139744019041915,57.49730320394829,63.164414502498566
GSM1343057,49.73489139929455,50.85601093925606,61.61180516146001,47.713520208626086,55.74551802267444,52.221351483917644,48.158863247569016,0.633195810270919,0.463968342669703,54.048982792469886,52.86182254964499,46.16641577680849,57.12907381772686,47.04322249580514,51.783004489274454,50.373596,1.0430721443832685,1.0785821653706151,-2.465252056764369,47.80158073251901,0.09644938323272709,3495.5347924373746,909.8777731508416,7.049119505805455,56.823158632157586,61.72732970270584
GSM1343067,43.521415758196696,42.73776104977091,53.813685567873684,44.26506682708012,48.506945703367926,50.79793116455753,37.46897013899597,0.587600583608288,0.48192431223654,44.29696782773868,43.60911053414259,41.64721989313483,53.18711916869759,41.21993871115959,41.87867882538492,45.681843,1.1251223139448658,1.2085399334355946,-2.1795094410945364,34.75667757525615,0.08929850013544471,3005.7243191153952,898.0080616853544,6.962010705705323,60.41731438819928,65.73055458186542
GSM1343065,42.178252120643975,41.07474516075949,49.380719243927985,34.419939068677095,47.95141080345492,50.81038014473499,40.51772303568761,0.570158009868726,0.470734543285063,39.232028144389766,40.93877434313127,32.154872486425745,51.74722432945836,39.70395525127446,44.085240515006326,44.89264,0.8195123898551686,0.8857969552507352,-2.8413620028062456,30.718912683545113,0.08720651639645935,2922.089808996634,990.1550733130236,7.306967749858879,43.39758576205607,48.90665886552077
GSM1343059,40.91540763382035,39.43252770071401,51.03100239934387,29.169061362617413,39.52673181056243,50.54424527580336,45.031730012343395,0.615965466834713,0.528439516369317,34.9379910154186,40.461262329254026,35.983895241776,50.25159743301475,38.390697249433956,39.38839522259372,41.544556,0.9437933876085243,1.0571758397699262,-3.4556061996928396,35.07620503669655,0.08013352962318733,2464.8310584879564,926.7008599044368,7.341517649111975,44.28582329341535,48.83864964768816
GSM1343080,62.54536713914598,58.851575003573586,71.82165137062498,56.68802592958398,80.67196173348397,64.05508911850507,52.28760844133779,0.722508604071243,0.391687379298658,58.136055892664885,61.324536718839056,53.6698769536132,64.3578243009232,49.48629196941275,51.75428169427813,57.50336,1.056575190949809,1.1079023548052314,-1.6252798718889183,57.79177680769354,0.10855952017393186,4242.292349601351,1119.4362856456453,6.6026213817359025,72.58955005583182,78.10208890200573
GSM1343062,65.30480814324817,71.09925538368239,77.53573134514025,69.96363497196208,76.13389099596057,55.07845055546527,65.03965545084922,0.75488249859152,0.477354192758153,66.68080969126126,62.49584757279622,58.987238034453355,85.68878777568045,55.04461316626208,69.55671649991984,63.395397,0.8110628023224309,0.845116470854946,-2.498832781300244,73.31377113789372,0.22055171222899134,10036.587846971323,2398.5615746885373,6.72684822293181,56.68604594132961,63.95073230209801
GSM1343111,39.02893740615312,42.45860801821273,46.61799565555113,30.45219739311696,42.074630640533094,48.21418603475083,44.52283133638287,0.638379985812104,0.539312281956752,36.91414079786469,38.48037566653162,29.424739361972286,47.24591643773596,39.407129221273124,39.17370281234441,43.255352,0.831877956895491,0.9631048877480712,-3.4398174330384235,27.781231511772233,0.08839513000547612,2931.887308482664,997.6077961231784,7.104411033494458,45.51267137189153,50.814779987425524
GSM1343109,56.24309995254921,53.82643158081063,64.18799184036628,55.68052788767817,61.24025577444461,58.971407458358286,52.259876966472525,0.687081606984508,0.418374140871454,55.882872606603854,57.028644065025546,48.22960023057624,64.49972814652511,48.89533430751036,50.94948292297433,53.5547,0.9849579814624192,1.0305102686363177,-2.632609326292756,49.66245490368763,0.09636475744604453,3390.074250942608,983.7675784663744,7.026239909653957,55.257242286941604,62.457383914145744
GSM1343116,64.25142609722326,60.01509973763254,72.30814804971894,59.189530879123225,73.87894360398838,62.16731788648122,53.272147440944714,0.724130586978388,0.405520930992718,60.639728726844595,60.718708092731084,57.685795690540544,65.81819367714661,50.13410769578598,52.01700168400878,56.31941,1.0894069461498042,1.1270013493931197,-1.6497602205250343,53.043770409080416,0.11021997086963677,4332.121761253457,1161.818017867629,6.691988910715849,72.73079867534221,78.96203947033382
GSM1343083,48.3621162143953,46.32384921416306,54.41463971118557,41.00106467656629,51.27353843514088,53.05013233197073,50.46316376494672,0.608921948474548,0.507703694093754,49.26289787320566,43.46515004741555,35.85530728041016,58.14087320684433,46.12981926163235,48.22404485953077,48.690037,0.9965652504673437,0.9527827285015855,-3.33093027641054,36.20137811922393,0.0910189428347583,3214.036926344209,963.5084448200959,7.186104656387302,53.43601716498348,59.48673147975589
GSM1343082,52.27590139403434,54.955454867056815,63.20178667292231,43.880485038768335,59.39054928362581,59.83170561784138,46.699782743418076,0.69658172925304,0.443453357309524,53.55233239242466,55.2482308830339,49.31884602030607,68.19341490178647,50.78652359356771,46.09350650780774,56.347996,0.9348730020913647,0.9682186224026226,-3.1258750615884225,48.30030247194013,0.08297217418521372,2662.129588876179,991.2229208066337,7.204185503195103,62.50200921832846,66.35403239291377
GSM1343084,61.292762404681376,67.26092288404618,83.55648397307058,49.91792383420466,66.53803860964412,57.812993823471786,49.15190452643735,0.734145822164633,0.423466534311247,63.938156217016676,73.47197674666836,62.02979794364626,68.03731894662343,53.82092237586433,64.05909665843643,63.975254,0.792079331296969,0.9877019669606899,-2.72499889437677,72.78517959683224,0.08735340848085123,2912.4215343818673,865.1013843612747,6.457246348434473,75.5391773809746,78.17940337108911
GSM1343088,45.82425342562637,46.24692388067115,53.409777508450304,41.1883953002331,40.15532704506112,51.89966477510061,43.597670632057905,0.587775934902618,0.481528248353546,46.13164023531913,44.14543571323743,39.458934377540686,50.77898670920209,48.01547231425073,48.97499216075237,48.450237,0.8591884034551012,0.8896828712325358,-3.070513149468904,31.653920923915145,0.08754952333948968,2899.245419159235,977.1751499704308,7.28608201547487,50.6143977210468,55.702389242541514
GSM1343086,56.3560824624502,55.081775389950586,63.523638804775885,56.835232801505256,60.09278872423,54.71116159248558,50.57601336197549,0.697190456578363,0.479162865690488,46.84229483078782,58.637122979765174,46.78471589690844,61.02356976448678,52.602426487148904,53.74308160111173,57.021595,0.9737596024941797,0.9655395850525867,-2.9207519591236664,51.574485162172195,0.12120382550908394,4846.527405765519,1711.9566047943492,6.802103221908408,57.729413315541755,60.472154844951255
GSM1343098,63.67881396518711,70.71785833022044,80.37152686040506,66.26891054973503,82.15726585886807,57.54366249757236,66.12312781424058,0.732095960624143,0.465117823939156,65.1218445369548,64.00818910964003,59.60805943360441,85.71404853560443,57.98253460273249,64.72741461287197,63.74494,0.8219266971877146,0.8689493811776666,-2.486843035262135,72.55140668190559,0.22804555579977245,10499.213457146381,2469.081638225534,6.657981950476111,58.84691357542747,65.64042080860828
GSM1343104,58.62514832851611,65.73837902484817,68.16453397045844,52.40310763797197,56.69389606592492,58.79657358650073,51.711826765037124,0.74714920251393,0.462410969023578,53.80742773513707,60.42348512238316,48.34916186607535,65.5372637611163,49.96515553582495,55.806723749371834,60.047825,0.8368287000197498,0.8988452181414175,-2.9914749571670467,60.87495572451911,0.11007509031486366,4259.754545419244,1267.9795861198515,6.784459108141267,59.15226684254386,63.310674114415264
GSM1343096,58.824636885045315,60.97683353689339,60.155520225458076,53.85319650079248,69.88977876837401,58.927543095494514,72.94948827557258,0.692098831927327,0.537289489465349,51.76194710453022,54.392741066927115,49.05358517648136,69.45622570444573,51.86149142206485,52.727161782152585,59.92954,0.9525943158320105,0.9119386810283022,-3.15588427668082,55.8845917641963,0.14113738563096973,6071.48218075258,1674.9747655859478,6.741233360660624,54.01806210265126,57.797639727562625
GSM1343091,55.5304979024629,55.35971098017801,63.55464820224063,46.14750768332885,55.33721597856132,54.36567469757985,43.605425079477335,0.688211367803672,0.488644616027401,53.35667302535877,52.018582282703484,45.424785245474254,64.63373218819709,45.29062059757149,47.57793462379416,56.04889,1.0037865268322292,0.8428949382092759,-2.6670172480240577,44.4876809380043,0.08820945138173462,3011.104213489902,997.314365560424,7.062622066190479,60.791476150592125,66.2662887129405
GSM1343106,45.81889640122694,44.10363699872166,55.168330366169926,44.05289870226212,54.146158193702696,55.77169129245673,48.018342839442546,0.575072275260136,0.456246189517344,45.31666811990941,49.16180910698924,42.36463393414408,58.3788245019465,42.26678758691115,51.78141078928507,51.455715,1.0189796454340119,0.9326620043156306,-2.9675513380156895,35.45871063208038,0.09318350460145203,3162.0362415189875,960.3538239436741,7.4141021995727465,47.2361642938514,52.960286704474306
GSM1343115,70.56691768567902,71.14068779640452,77.7092814206611,68.23529874512613,75.63182747773816,62.43636717115365,55.59129195868026,0.758353981919369,0.336367611903703,71.5100086887273,65.01160897564031,54.55330018805597,65.95777121639424,52.658533026442214,55.25903423508381,65.50515,1.0109857942742042,0.9834566388552608,-2.2418043375608017,69.31079303819018,0.09220400197642009,3312.0291688370253,1028.9209373272074,6.628111471161379,68.44140512693701,72.5598237917786
GSM1343121,64.31288666917526,66.26199745624416,70.54861602863336,62.78363963582687,66.0204473945255,58.261404082039704,56.697958970488195,0.742207005463424,0.463091189776898,62.499668444489934,58.04829525067224,51.452817347355904,71.02790070405382,51.968523325355875,60.073201113193925,61.139072,1.2013778824323658,1.1592153786601456,-2.0218189441937526,65.18724208863205,0.13348220529079816,5831.5925187796565,1440.4489400312223,6.442596912478583,77.92119522911914,82.63457108787888
GSM1343099,53.18617519876598,51.6050266486356,60.4723818222631,48.83305101125244,52.53446825438881,53.34878356345192,46.823921752158796,0.677363117935883,0.466748297451531,48.614226557098405,51.39408649449557,41.456031714896994,64.80194418202578,47.956470255129965,50.72631886000888,54.152706,0.8936304876940375,0.9893374044028644,-2.8938997334334733,40.86872606913031,0.10436244488967404,4044.120861757474,1293.0424689847723,7.362345463314562,51.650798157251586,56.394699891762166
GSM1343103,40.19665534277246,43.7303576077758,53.9365643973869,43.35276692680324,46.751229930954466,52.24867598413904,41.763695048817354,0.600049175662418,0.485972788173264,45.998036094674546,44.15792850873922,39.759248490380685,54.195087745499904,40.40738240510323,42.26268890133775,43.362206,1.0921341928586228,1.2006009287701898,-2.2088994190334676,33.398183183884754,0.0923297506897107,3136.323135421765,930.9579739919863,7.052226034536463,60.66552165824476,66.66784337122945
GSM1343095,39.27180355566634,40.59807722475912,51.11451188686533,36.35327416448426,39.41469206099346,51.87795101241273,44.326964803153764,0.600707024116831,0.53606495544833,34.73976540712941,40.540053352142685,37.79435122921217,52.8962110707204,40.09605209687669,41.02357983284519,43.592247,0.9118034400493262,1.0227389423989997,-3.5333632497121084,32.149272382643424,0.08125905525613324,2577.357713762122,958.3243958255313,7.340380161568434,43.74997787394426,48.190169103533066
GSM1343094,66.11740287566514,59.30864155851032,67.74373076969829,61.67573187730526,68.54066976653301,59.503931042055065,51.829434912171756,0.689831781367774,0.409663639069451,61.18266572505833,60.15580851246549,51.74951624807454,69.24984004061884,51.48033269524643,59.07366561755614,54.391148,0.9275286872780362,0.9081288415358445,-2.784649512060942,63.33821258162536,0.10377463950142563,3989.8412070400973,1165.8450856059803,6.928336877799965,58.903003637866185,63.62860311298174
GSM1343112,65.43085347389781,66.65599180339618,70.46538204451592,55.78559593302165,66.97098544259413,58.330947616301664,62.43431858625782,0.728983864653033,0.5365982277066,58.83018184254557,63.822399053692244,51.45593658044925,75.43118715239385,49.215900831213226,59.874490127731754,65.21676,1.0451708293354147,0.9652147562148343,-2.9989574596266877,62.73269529213707,0.15068274752876587,6803.919649508514,1912.9004832469939,6.732733975112942,64.09290482452869,68.65781282446642
GSM1343100,54.401517861394304,57.209285090714815,63.80170926169692,46.48659421854363,61.29099892454766,55.673613202085974,54.5996648232733,0.655568941755071,0.4945082859125,51.132670374514134,51.2800559644258,45.69845426666143,56.65150947171992,49.38301925486252,50.155462329585326,54.372356,1.0144691525843337,0.925813927896934,-2.7303623055121093,41.5872434338624,0.11029226775610468,4318.557818533954,1237.0191103715756,6.8434725678157555,58.33178199940723,63.09861722448558
GSM1343102,46.35420242979289,40.23925216098357,49.24054240410904,33.132612379876306,44.570501601656304,48.88111335203885,55.33961633827948,0.590340217627173,0.537262953865932,35.922161889193234,41.83213091528235,35.51847920091768,46.66864692003031,46.59019964012847,49.855428364105684,48.629375,0.8360707026256358,0.9212802993042915,-3.0387201108389794,32.59690159802716,0.12331797676743783,5092.7830487169795,1419.5406915057786,7.0757881146423065,43.126021272706495,48.447401697409546
GSM1343063,51.60062776836409,51.932398040156045,60.1621148561887,43.2815790913146,47.14563090168577,55.701870064611214,48.10146690267961,0.684423090467342,0.486392376319118,48.85044395771059,49.018765314415305,39.87738114436473,62.08479665494718,46.21925953480452,44.607052987050885,50.36943,0.8736186252227967,0.9026391329348851,-2.5742284458893816,48.65569298488663,0.09882413453993222,3616.5976067551283,1170.92889570405,7.438205704535702,50.5448719684189,56.109823720804286
GSM1343110,67.08534111045248,68.5900345960668,72.65128910542526,60.48450445643541,70.72532721039626,60.261068576551125,54.639821823511845,0.732747547719006,0.404902831618157,61.92738263083225,58.05548145055257,51.63325978661288,62.37740551098278,54.01511785100717,57.37420308536539,64.47246,0.8809590534672678,1.0159037014619547,-2.9883230504057483,61.72881252031442,0.10652359078379225,4063.820965936887,1125.6543545912969,6.816065919921668,62.599425918965174,66.1704268478231
GSM1343113,53.09193749431339,49.03305314638417,55.09302023283191,38.54891763642996,50.490828299945306,53.54308895936512,49.40087074339866,0.603965206816018,0.460451046423328,45.0608632549703,44.562719829144534,40.04157894084966,50.87032481654762,43.76103405233064,56.0558171249288,49.493412,0.91010865730881,1.0417495007367978,-3.1186145892349617,42.24213605927851,0.1011303625732641,3653.7371773894533,1085.5272838184503,7.160655329717397,46.833432534700385,53.19785017757936
GSM1343105,53.54065239423618,53.29607442959324,58.86948310521679,48.82010243421171,58.07355082273311,52.4898024974891,48.53384680082079,0.690295084675244,0.497116813373009,48.85267304139485,53.63602525906192,46.25514950818285,62.2544013573596,45.91744280273976,52.641622450519186,52.20259,0.9660733453446539,0.9604081896028545,-2.957020357827827,47.88646055281105,0.09479415168715502,3346.5737867837765,1215.26449362464,7.002510716926377,51.141359666466016,58.62502724008527
GSM1343087,47.832966962647546,46.58978324533972,52.393467429531434,43.30852045149509,46.41646925799222,54.18064130565529,49.73386817097091,0.615613556878239,0.444827898752724,40.70275737063207,45.64027732777321,39.22536077569339,56.52384998066873,45.26469014440396,47.97707598101089,48.58662,0.9554892536405017,1.0373589488713648,-2.8114454418570722,35.148627296222344,0.11506623931846593,4604.38954469137,1341.0038162334379,6.987083153947544,49.59052356260965,54.48853861839018
GSM1343074,65.54970457659387,65.31398464760863,71.78829695099579,61.85844277926784,68.82651283291726,59.68749396383012,57.2177625099211,0.708923644137136,0.431289608743617,61.27665255824489,59.56736053939673,55.777953805856896,64.94335004168866,52.1235704264585,57.829744414639684,63.183033,0.8981287268020404,0.9867630034483814,-2.919670940723446,63.442986242116355,0.10355962346472884,3843.541834379346,1093.0053418157754,6.911009549453391,61.667229166896576,65.42531131644004
GSM1343079,66.1434337261349,67.6732497626082,78.22063728498682,68.95081723861985,66.23918609262161,61.45337175621965,56.185579632863245,0.766664510835396,0.337288448875109,70.4738826481423,67.55289935151067,53.26649269862986,70.6443272425191,52.51208075107327,54.91034039838572,63.632088,0.9995537965797481,0.9811966675251333,-2.093789032628958,71.49384061745376,0.08932345020431606,3094.3838787765117,949.0992549300439,6.635205648286524,68.72416198247463,72.71855728930235
GSM1343120,55.88927977629477,67.62449219584774,81.66391446965899,54.826257404992226,65.74401432436595,56.88838612893107,48.29645676368849,0.729107618767832,0.433227709849805,64.83790841974401,67.52779896880953,61.8236454554027,64.395721617225,54.87648108366094,59.43068412855873,62.036327,0.826640827190608,1.0296987968696243,-2.910520112297254,70.14263572474663,0.08930376740608562,2859.091827668454,914.0436607530621,6.488218656912833,73.25951144586146,76.0678791565703
GSM1343108,51.59660276330622,51.59118052885722,61.90518967076787,41.241137641780256,51.50099895577184,59.91770467522865,37.344670162255326,0.674185893360256,0.4219122903086,52.33493032037373,45.644031228169375,38.5811263182668,59.2187444047637,47.07509588118826,42.335648846738444,52.224453,0.7653599306434651,0.9372271337442966,-2.503284720723237,46.47069418804777,0.08845109710555696,3024.5930204907877,973.2825228643187,7.362753787114925,51.6588910182937,55.98531195006807
GSM1343054,45.05447545879579,49.595452910168895,58.80107293287138,39.51579559908092,51.897003361336616,50.63333160631847,44.50020844611061,0.65068328497571,0.465779444453465,48.90175413969792,48.03078540557979,37.0891759774276,61.77981520091146,46.51824497206654,46.66829577060329,49.1534,0.9485936671734856,1.0479634364618828,-2.9362507083472527,43.685000992355086,0.09366637483557896,3245.1572557367444,1030.731194412676,7.061508485330099,58.373355432481105,63.78858016035171
GSM1343089,54.607597640095555,50.72125634037687,58.51562549664229,41.982162073555386,52.26871683467584,53.9670716793217,42.87747022783519,0.63692156964999,0.504575705239787,50.762987333683675,50.37967083888429,40.34598667987291,59.12171612005636,44.97463899417249,46.2633770129872,52.60823,1.110783771363388,1.03187788284677,-3.2612162121539305,39.4913136762591,0.0933593614788859,3463.3561230336218,1110.4613772577661,6.985631739517474,54.803270574515736,61.441298612565085
GSM1343119,48.915088663886394,47.01904752031841,55.04783260027227,41.96314578001261,49.125739227551925,52.6902055582627,45.689414381551316,0.606141019268688,0.499347211450598,51.844202298007005,45.69249819567027,37.128232716169805,59.05512921953539,44.436549460078794,45.48588631072575,46.39696,1.0159955436441597,0.9969855789277149,-3.267317521584677,36.65009794210487,0.0913487911054796,3215.1106572136127,954.712747651717,7.224461563202213,51.161133381955,57.76390346743036
GSM1343090,49.6508389594224,48.48626940307978,60.56509460915605,46.964385143273034,55.640428513687404,51.90327144687751,46.16218058227748,0.652848038824662,0.472476333571256,46.038201073662236,48.375862760469516,39.07172751987133,59.877621552760985,44.77291445260359,50.71288695418841,52.53007,0.9156134671329563,1.0139041236777846,-3.0245303888061477,43.90451374102341,0.09661930986238701,3538.578081183099,1054.2178256476993,7.144460647710854,60.73050946163651,65.6787051130881
GSM1343114,59.46097192762643,60.19658008155887,64.43765888047307,49.933919214025416,60.62680777660698,56.985437380204544,45.6856620197216,0.688479292490682,0.466676737718397,52.30499449190052,57.6844086489662,52.09211119087894,65.04830528702522,48.96280773343057,60.68367046005648,58.976994,0.8950197856488193,0.918090661845587,-2.942288119794664,52.18236910964754,0.11457004047648427,4582.488718983076,1374.597257552188,6.944532472048786,56.37664979401346,61.25773867060115
GSM1343097,51.82422803206846,47.75752425238486,54.87399576360906,39.81488827394387,54.004935590596475,52.35286714427085,53.56534183160207,0.644674321246795,0.49945670108863,42.36380098832129,47.27991838510701,41.243989469066946,54.32762756192875,47.64570113372203,47.426405489597805,48.990894,0.7686881557338539,0.9954480380087836,-3.178221540565366,40.72266180101925,0.10612150776201702,4000.280833058828,1289.9768188994194,6.906356613383185,47.921830748912754,52.431482176035615
GSM1343081,58.525526825631005,62.92196253139283,69.05957376002249,54.3434690488345,62.830762399574546,56.59204346307355,54.28374051759322,0.704160394550082,0.465261870007203,57.486349352606005,57.90074944796881,46.85748527838655,70.4151313816422,52.16753551484247,48.063716604620275,58.187214,0.8711798463454756,0.9737735015342635,-2.64401106942693,49.24022505946603,0.09046259868127865,3229.1139134157584,1094.6534115793345,6.926908118802102,57.872739479340794,62.785548100878174
GSM1343117,55.25207421665404,65.92530630211209,69.10742834718003,49.59623973030211,61.164774873536004,55.25838966555159,53.21392245573062,0.707507263948428,0.477511173532123,58.412542586810375,58.48581556298967,46.25264254731036,67.81001392407074,53.71977129819009,48.71281409148326,58.147953,0.8765940742821745,0.976696020858753,-2.766146131414842,54.29131954567676,0.08920748572152558,3085.292270707233,1072.7716050162583,6.902754955697764,59.576262284150864,63.36811540958836
GSM1343101,42.18361317715522,40.007636793343366,48.686650106532724,36.69763644900711,50.02997369320955,49.64805793214855,38.764361222728034,0.564128810059432,0.478359137587718,39.3054815980222,44.09307123565756,35.070408123676714,55.18445189664058,41.49535930635019,46.80546811607217,45.86838,0.8322442336119265,0.9171355504382691,-2.9671694892350056,30.812492285863506,0.08799483756817848,3023.619558069546,1009.8827273576053,7.298927680410599,42.923883224052446,47.925740365498655
GSM1343118,50.20586978278372,54.35757680477862,61.410217643213635,47.24287083290155,59.01488454136867,58.05049460354733,40.428487870806464,0.707590451715381,0.444521723444072,53.977780038038695,54.9646783794028,49.62421764719954,68.70107977097149,50.132780717444845,49.05613744005975,53.10933,0.9630944220075452,0.9498759460928896,-3.172253614387356,41.417233661374006,0.08325536193297184,2741.328751642737,1011.3875317569447,7.287619020505224,62.18821869240409,66.29580231016043
GSM1343092,63.176953516689025,63.29088469716256,70.25093703097845,58.87283876722999,61.14488887859959,58.3026437965672,40.89295698040388,0.719958997449375,0.482322597430252,59.67653250734663,57.18367772869934,50.23119608311663,66.9391787192584,52.17016582216294,52.080239583232036,60.9669,0.8936753232022903,1.000748776145031,-2.7439361682238674,54.563776508416694,0.08598367101916504,2896.523197851057,973.0869955285061,6.897834751560217,64.33683626080723,69.08261689232043
GSM1343070,47.64363840764592,44.05650675133968,52.892921101006245,48.6027601036091,53.95110246746608,55.124045007982,44.23602843192214,0.607748672318231,0.447441557991266,44.90275073967757,49.60356816311719,41.848479988881365,59.672547265058654,43.190154385507,51.507654478954116,53.554516,0.989504739345775,0.9854068689372948,-2.933395165590292,38.0540433266732,0.09057097507922929,3096.8092027627704,938.5252909698506,7.350418179362245,48.162451804674525,55.48739115049753
GSM1343053,51.53588539231478,49.89077456086592,59.537667796059324,43.96697369786103,47.84297060074402,53.526200261491745,54.28424522974261,0.596986141102749,0.549446346009645,49.90750770045112,47.713619221118336,39.21441140716934,59.811352873486925,45.89681392399093,43.65831564474178,50.829327,1.1437220582293859,1.0033534909012887,-3.2602757844909265,38.938630360094194,0.09467854824445748,3446.4101488046517,1094.7553969446262,6.979321459540834,54.23653292989548,61.918919224753864
GSM1343093,51.81708493770367,52.2303694113011,59.66105745861476,48.99627595285668,50.74097833459956,55.789711473800395,43.524163759575494,0.64918439017683,0.461240495879977,53.513907394921546,50.500374122983445,46.7467948848348,58.51557548155196,46.29000467172316,50.02605562942541,50.012615,1.0486638922991098,1.0034251564151253,-2.594371119643863,47.04275270346993,0.09796136051487676,3420.3146018200546,928.7998840812764,6.963082383339908,57.653244016838684,63.13182675906177
GSM1343085,67.24681365599689,61.75256474332143,67.9657501237361,63.589026692913365,67.13826585507962,57.41751450447842,57.902841910795075,0.722439040702003,0.457788924028602,60.784455892287525,58.50940962848003,49.99586667005417,70.37552941411434,51.62389164081028,58.88530518377987,62.916634,1.2327171545178266,1.1306434032319093,-2.0066764928860223,61.9884260410743,0.13298506299800833,5716.303070432741,1422.0120694424998,6.516687719556967,76.9096765780306,82.90167594966483
GSM1343107,49.81537051789478,53.380133262633905,60.98083606103831,41.34435254323658,48.80161633575797,50.94432978210823,43.5489644523832,0.667121774470735,0.527136716996487,51.675652620403525,51.0515248023629,40.36103190783996,57.25561334458206,45.77936507908544,43.599565568271466,54.315357,0.9752519423981276,1.085426304903843,-2.347791120107435,39.3573817237161,0.09463326150403935,3293.41540426366,1019.9953134684465,7.199231135467949,59.09464538423679,65.65365426960727
